{
    "kodak_endura_premier_uc": {
        "TH-KG3-L": {
            "kodak_ektar_100_auc": [
                0.8733994179795141,
                0.8670514283428349,
                0.35
            ],
            "kodak_portra_160_auc": [
                0.8365798132459178,
                0.760317141416407,
                0.35
            ],
            "kodak_portra_400_auc": [
                0.8071738790506082,
                0.7217187603329176,
                0.35
            ],
            "kodak_portra_800_auc": [
                0.8688896630318959,
                0.7507706988443331,
                0.35
            ],
            "kodak_portra_800_push1_auc": [
                0.8948239190305513,
                0.7771171197051755,
                0.35
            ],
            "kodak_portra_800_push2_auc": [
                0.8958895937986399,
                0.7539763776492814,
                0.35
            ],
            "kodak_gold_200_auc": [
                0.8041354820895527,
                0.7006302256758639,
                0.35
            ],
            "kodak_ultramax_400_auc": [
                0.813363456808423,
                0.7322922357710359,
                0.35
            ],
            "kodak_vision3_50d_uc": [
                0.6950226485504593,
                0.5340905068424233,
                0.35
            ],
            "kodak_vision3_250d_uc": [
                0.711026173231842,
                0.5632234380039146,
                0.35
            ],
            "kodak_vision3_200t_uc": [
                0.745115900005356,
                0.5701615041576737,
                0.35
            ],
            "kodak_vision3_500t_uc": [
                0.705081530063639,
                0.5257676879073089,
                0.35
            ],
            "fujifilm_pro_400h_auc": [
                0.7241314411854477,
                0.6369682803087273,
                0.35
            ],
            "fujifilm_c200_auc": [
                0.8512203076844647,
                0.7511684694367468,
                0.35
            ],
            "fujifilm_xtra_400_auc": [
                0.7197367117169339,
                0.5326433576862971,
                0.35
            ]
        }
    },
    "kodak_ektacolor_edge_uc": {
        "TH-KG3-L": {
            "kodak_ektar_100_auc": [
                0.9381620253326721,
                0.9182892166004912,
                0.35
            ],
            "kodak_portra_160_auc": [
                0.9219803551017629,
                0.8539151061838186,
                0.35
            ],
            "kodak_portra_400_auc": [
                0.9060905390825057,
                0.8272225281230839,
                0.35
            ],
            "kodak_portra_800_auc": [
                0.9377836263738877,
                0.849862055966,
                0.35
            ],
            "kodak_portra_800_push1_auc": [
                0.9497824124064371,
                0.8645344839984951,
                0.35
            ],
            "kodak_portra_800_push2_auc": [
                0.9502736118637886,
                0.8501976962427042,
                0.35
            ],
            "kodak_gold_200_auc": [
                0.9041807263023303,
                0.8146371788876929,
                0.35
            ],
            "kodak_ultramax_400_auc": [
                0.9085330160512883,
                0.8338793977101442,
                0.35
            ],
            "kodak_vision3_50d_uc": [
                0.8245972540231773,
                0.6586786056728121,
                0.35
            ],
            "kodak_vision3_250d_uc": [
                0.8343374766105607,
                0.6803441028157026,
                0.35
            ],
            "kodak_vision3_200t_uc": [
                0.8536787082828768,
                0.6850195766450583,
                0.35
            ],
            "kodak_vision3_500t_uc": [
                0.8305526913938801,
                0.6523458682035613,
                0.35
            ],
            "fujifilm_pro_400h_auc": [
                0.8504661041536491,
                0.7498866451422764,
                0.35
            ],
            "fujifilm_c200_auc": [
                0.9191058349588943,
                0.8298653331542429,
                0.35
            ],
            "fujifilm_xtra_400_auc": [
                0.8431937606359029,
                0.6696928902869991,
                0.35
            ]
        }
    },
    "kodak_supra_endura_uc": {
        "TH-KG3-L": {
            "kodak_ektar_100_auc": [
                0.8339457705680762,
                0.7375720134516293,
                0.35
            ],
            "kodak_portra_160_auc": [
                0.8198487115357357,
                0.5093157270362043,
                0.35
            ],
            "kodak_portra_400_auc": [
                0.7918374909924514,
                0.3800259151400577,
                0.35
            ],
            "kodak_portra_800_auc": [
                0.8081786314671324,
                0.5769933928154133,
                0.35
            ],
            "kodak_portra_800_push1_auc": [
                0.844719409286816,
                0.6109442042460748,
                0.35
            ],
            "kodak_portra_800_push2_auc": [
                0.8461943595219302,
                0.5718218199572072,
                0.35
            ],
            "kodak_gold_200_auc": [
                0.7650893617779624,
                0.5405671866990224,
                0.35
            ],
            "kodak_ultramax_400_auc": [
                0.755057138801955,
                0.5832012942249477,
                0.35
            ],
            "kodak_vision3_50d_uc": [
                0.6779290463707335,
                0.347808372768132,
                0.35
            ],
            "kodak_vision3_250d_uc": [
                0.6876188007772301,
                0.337316099815993,
                0.35
            ],
            "kodak_vision3_200t_uc": [
                0.7338189041276675,
                0.2908063571091251,
                0.35
            ],
            "kodak_vision3_500t_uc": [
                0.690374059775841,
                0.23976225620761527,
                0.35
            ],
            "fujifilm_pro_400h_auc": [
                0.6802696204783565,
                0.5114664779889503,
                0.35
            ],
            "fujifilm_c200_auc": [
                0.8399311460775201,
                0.6627524554550421,
                0.35
            ],
            "fujifilm_xtra_400_auc": [
                0.6922606304012483,
                0.5155341323571945,
                0.35
            ]
        }
    },
    "kodak_portra_endura_uc": {
        "TH-KG3-L": {
            "kodak_ektar_100_auc": [
                0.828227000263052,
                0.7647379125069704,
                0.35
            ],
            "kodak_portra_160_auc": [
                0.8141547711178122,
                0.5561610080585234,
                0.35
            ],
            "kodak_portra_400_auc": [
                0.7854706000342621,
                0.43939021534470096,
                0.35
            ],
            "kodak_portra_800_auc": [
                0.8018495969234495,
                0.6219990158599031,
                0.35
            ],
            "kodak_portra_800_push1_auc": [
                0.8397505842806203,
                0.6522190704455508,
                0.35
            ],
            "kodak_portra_800_push2_auc": [
                0.8414360828300469,
                0.6172548190308762,
                0.35
            ],
            "kodak_gold_200_auc": [
                0.757104697191617,
                0.5881406805423512,
                0.35
            ],