{
    "kodak_endura_premier_uc": {
        "TH-KG3-L": {
            "kodak_ektar_100_auc": [
                0.8734307560333996,
                0.867085185121038,
                0.35
            ],
            "kodak_portra_160_auc": [
                0.8366208973995359,
                0.7603783954912711,
                0.35
            ],
            "kodak_portra_400_auc": [
                0.8072223706216641,
                0.7217899070285637,
                0.35
            ],
            "kodak_portra_800_auc": [
                0.8689226379220943,
                0.7508344901400024,
                0.35
            ],
            "kodak_portra_800_push1_auc": [
                0.8948505106536637,
                0.7771740886943082,
                0.35
            ],
            "kodak_portra_800_push2_auc": [
                0.8959161058830895,
                0.7540400990084191,
                0.35
            ],
            "kodak_gold_200_auc": [
                0.8041847302711712,
                0.7007062818200155,
                0.35
            ],
            "kodak_ultramax_400_auc": [
                0.813410289786159,
                0.732360241359285,
                0.35
            ],
            "kodak_vision3_50d_uc": [
                0.695099741611449,
                0.5342085149712256,
                0.35
            ],
            "kodak_vision3_250d_uc": [
                0.7110987979701119,
                0.5633341477936333,
                0.35
            ],
            "kodak_vision3_200t_uc": [
                0.7451799256148895,
                0.5702711030655281,
                0.35
            ],
            "kodak_vision3_500t_uc": [
                0.7051551126749961,
                0.525874577459794,
                0.35
            ],
            "fujifilm_pro_400h_auc": [
                0.7242008612600661,
                0.6370599038178507,
                0.35
            ],
            "fujifilm_c200_auc": [
                0.8512572243964258,
                0.751231117869384,
                0.35
            ],
            "fujifilm_xtra_400_auc": [
                0.7198078527057484,
                0.5327615909947698,
                0.35
            ]
        }
    },
    "kodak_ektacolor_edge_uc": {
        "TH-KG3-L": {
            "kodak_ektar_100_auc": [
                0.9381014205312211,
                0.918192772008059,
                0.35
            ],
            "kodak_portra_160_auc": [
                0.9219034597356519,
                0.8537427214974811,
                0.35
            ],
            "kodak_portra_400_auc": [
                0.9059983488770019,
                0.8270193720095347,
                0.35
            ],
            "kodak_portra_800_auc": [
                0.9377219484921595,
                0.8496849899876897,
                0.35
            ],
            "kodak_portra_800_push1_auc": [
                0.9497320441350657,
                0.8643735033025269,
                0.35
            ],
            "kodak_portra_800_push2_auc": [
                0.9502233005639581,
                0.8500186930569148,
                0.35
            ],
            "kodak_gold_200_auc": [
                0.9040866501355618,
                0.814419221278446,
                0.35
            ],
            "kodak_ultramax_400_auc": [
                0.9084432821007618,
                0.8336845163477395,
                0.35
            ],
            "kodak_vision3_50d_uc": [
                0.8244262323777569,
                0.6582822892665302,
                0.35
            ],
            "kodak_vision3_250d_uc": [
                0.8341766229896909,
                0.6799716434499007,
                0.35
            ],
            "kodak_vision3_200t_uc": [
                0.8535364888436328,
                0.684651674005523,
                0.35
            ],
            "kodak_vision3_500t_uc": [
                0.830388097603733,
                0.651942167900075,
                0.35
            ],
            "fujifilm_pro_400h_auc": [
                0.8503204522472523,
                0.7495945867415836,
                0.35
            ],
            "fujifilm_c200_auc": [
                0.9190272984560499,
                0.8296671329477157,
                0.35
            ],
            "fujifilm_xtra_400_auc": [
                0.8430398423054806,
                0.6693059037008485,
                0.35
            ]
        }
    },
    "kodak_supra_endura_uc": {
        "TH-KG3-L": {
            "kodak_ektar_100_auc": [
                0.8338884194319289,
                0.7377681809894167,
                0.35
            ],
            "kodak_portra_160_auc": [
                0.8197894684189645,
                0.5096425418426369,
                0.35
            ],
            "kodak_portra_400_auc": [
                0.7917713978327695,
                0.3804585396979987,
                0.35
            ],
            "kodak_portra_800_auc": [
                0.8081143226541663,
                0.5773201547115888,
                0.35
            ],
            "kodak_portra_800_push1_auc": [
                0.8446684364014817,
                0.6112432197486765,
                0.35
            ],
            "kodak_portra_800_push2_auc": [
                0.8461448692013863,
                0.5721419863375838,
                0.35
            ],
            "kodak_gold_200_auc": [
                0.7650090951550057,
                0.5409161430886618,
                0.35
            ],
            "kodak_ultramax_400_auc": [
                0.7549741335637107,
                0.5835288655669315,
                0.35
            ],
            "kodak_vision3_50d_uc": [
                0.6778181822537334,
                0.34830418987747713,
                0.35
            ],
            "kodak_vision3_250d_uc": [
                0.6875107342552838,
                0.3378100875106121,
                0.35
            ],
            "kodak_vision3_200t_uc": [
                0.7337282561198496,
                0.29132510654324006,
                0.35
            ],
            "kodak_vision3_500t_uc": [
                0.6902665613028258,
                0.240278692411436,
                0.35
            ],
            "fujifilm_pro_400h_auc": [
                0.6801587287485333,
                0.5118508913451127,
                0.35
            ],
            "fujifilm_c200_auc": [
                0.8398730698099277,
                0.6629856449016686,
                0.35
            ],
            "fujifilm_xtra_400_auc": [
                0.6921513450655503,
                0.5159233280453257,
                0.35
            ]
        }
    },
    "kodak_portra_endura_uc": {
        "TH-KG3-L": {
            "kodak_ektar_100_auc": [
                0.8281669459585049,
                0.7647118303410785,
                0.35
            ],
            "kodak_portra_160_auc": [
                0.8140886307001192,
                0.5561022584586711,
                0.35
            ],
            "kodak_portra_400_auc": [
                0.7853942365883276,
                0.43932519702467543,
                0.35
            ],
            "kodak_portra_800_auc": [
                0.8017805357972069,
                0.6219669247839857,
                0.35
            ],
            "kodak_portra_800_push1_auc": [
                0.839694497610484,
                0.6521820171927228,
                0.35
            ],
            "kodak_portra_800_push2_auc": [
                0.8413803124690947,
                0.6172112108794523,
                0.35
            ],
            "kodak_gold_200_auc": [
                0.7570195039646443,
                0.5880935126151867,
                0.35
            ],