{
    "kodak_endura_premier_uc": {
        "TH-KG3-L": {
            "kodak_ektar_100_auc": [
                0.8733993680858105,
                0.8670518043923385,
                0.35
            ],
            "kodak_portra_160_auc": [
                0.8365798132418154,
                0.7603171408382947,
                0.35
            ],
            "kodak_portra_400_auc": [
                0.8071738904616296,
                0.7217189391420922,
                0.35
            ],
            "kodak_portra_400": [
                0.8044936052841491,
                0.7206106862154826,
                0.35
            ],
            "kodak_portra_800_auc": [
                0.8688896635492682,
                0.7507707043984218,
                0.35
            ],
            "kodak_portra_800_push1_auc": [
                0.8948239012884209,
                0.7771167074988345,
                0.35
            ],
            "kodak_portra_800_push2_auc": [
                0.8958895919321495,
                0.753976332840687,
                0.35
            ],
            "kodak_gold_200_auc": [
                0.804135480137193,
                0.7006301927343299,
                0.35
            ],
            "kodak_ultramax_400_auc": [
                0.8133634567202078,
                0.7322922349583791,
                0.35
            ],
            "kodak_vision3_50d_uc": [
                0.6950226293296812,
                0.5340901642526767,
                0.35
            ],
            "kodak_vision3_250d_uc": [
                0.7110261881406839,
                0.563223690109935,
                0.35
            ],
            "kodak_vision3_200t_uc": [
                0.7451158972756423,
                0.5701614948243451,
                0.35
            ],
            "kodak_vision3_500t_uc": [
                0.7050815303409049,
                0.5257676985342762,
                0.35
            ],
            "fujifilm_pro_400h_auc": [
                0.724131441533111,
                0.6369683058156227,
                0.35
            ],
            "fujifilm_pro_400h": [
                0.7248348561316547,
                0.6384945204989696,
                0.35
            ],
            "fujifilm_c200_auc": [
                0.8512202869786383,
                0.7511684481095235,
                0.35
            ],
            "fujifilm_xtra_400_auc": [
                0.719736711266129,
                0.5326433507542844,
                0.35
            ]
        }
    },
    "kodak_ektacolor_edge_uc": {
        "TH-KG3-L": {
            "kodak_ektar_100_auc": [
                0.9381620223486367,
                0.9182891854306537,
                0.35
            ],
            "kodak_portra_160_auc": [
                0.921980363109202,
                0.85391524750007,
                0.35
            ],
            "kodak_portra_400_auc": [
                0.9060905389253476,
                0.8272225239735227,
                0.35
            ],
            "kodak_portra_400": [
                0.9047766099719143,
                0.8265207129478452,
                0.35
            ],
            "kodak_portra_800_auc": [
                0.9377836263565867,
                0.8498620559812001,
                0.35
            ],
            "kodak_portra_800_push1_auc": [
                0.9497824175162868,
                0.8645345603526559,
                0.35
            ],
            "kodak_portra_800_push2_auc": [
                0.9502735872500288,
                0.8501975655813828,
                0.35
            ],
            "kodak_gold_200_auc": [
                0.9041807265712466,
                0.8146372085921465,
                0.35
            ],
            "kodak_ultramax_400_auc": [
                0.9085330191480894,
                0.833879416651177,
                0.35
            ],
            "kodak_vision3_50d_uc": [
                0.8245974289440134,
                0.6586758494476833,
                0.35
            ],
            "kodak_vision3_250d_uc": [
                0.8343375349144543,
                0.6803443588419313,
                0.35
            ],
            "kodak_vision3_200t_uc": [
                0.8536787088704565,
                0.6850195829000149,
                0.35
            ],
            "kodak_vision3_500t_uc": [
                0.8305526743813568,
                0.6523477478178898,
                0.35
            ],
            "fujifilm_pro_400h_auc": [
                0.8504665060849602,
                0.7498886352666209,
                0.35
            ],
            "fujifilm_pro_400h": [
                0.8508411792770322,
                0.7509407048943293,
                0.35
            ],
            "fujifilm_c200_auc": [
                0.9191058309278446,
                0.829865271891161,
                0.35
            ],
            "fujifilm_xtra_400_auc": [
                0.8431937605945605,
                0.6696928857163892,
                0.35
            ]
        }
    },
    "kodak_supra_endura_uc": {
        "TH-KG3-L": {
            "kodak_ektar_100_auc": [
                0.8339457780529543,
                0.7375716193664454,
                0.35
            ],
            "kodak_portra_160_auc": [
                0.8198483625967754,
                0.5093072029225361,
                0.35
            ],
            "kodak_portra_400_auc": [
                0.7918374911038287,
                0.38002591755589765,
                0.35
            ],
            "kodak_portra_400": [
                0.7893254440133004,
                0.37909674273166233,
                0.35
            ],
            "kodak_portra_800_auc": [
                0.8081785897417447,
                0.576992695916568,
                0.35
            ],
            "kodak_portra_800_push1_auc": [
                0.8447194099523725,
                0.6109442928131845,
                0.35
            ],
            "kodak_portra_800_push2_auc": [
                0.8461945164138085,
                0.5718269498674727,
                0.35
            ],
            "kodak_gold_200_auc": [
                0.765089581266921,
                0.5405722860731126,
                0.35
            ],
            "kodak_ultramax_400_auc": [
                0.7550572090873531,
                0.5832022963594896,
                0.35
            ],
            "kodak_vision3_50d_uc": [
                0.6779298070710521,
                0.3478382318309306,
                0.35
            ],
            "kodak_vision3_250d_uc": [
                0.6876183945344044,
                0.33729984793470047,
                0.35
            ],
            "kodak_vision3_200t_uc": [
                0.7338196519961265,
                0.29083683552102946,
                0.35
            ],
            "kodak_vision3_500t_uc": [
                0.6903739629663691,
                0.2397554975822029,
                0.35
            ],
            "fujifilm_pro_400h_auc": [
                0.6802698461279729,
                0.511471616258543,
                0.35
            ],
            "fujifilm_pro_400h": [
                0.6812842926917347,
                0.5132215849824684,
                0.35
            ],
            "fujifilm_c200_auc": [
                0.8399311971072394,
                0.6627535296351393,
                0.35
            ],
            "fujifilm_xtra_400_auc": [
                0.6922605927205387,
                0.5155335627413249,
                0.35
            ]
        }
    },
    "kodak_portra_endura_uc": {
        "TH-KG3-L": {
            "kodak_ektar_100_auc": [
                0.8282269797781592,
                0.7647377657215694,
                0.35
            ],