{
    "kodak_endura_premier": {
        "TH-KG3-L": {
            "kodak_ektar_100": [
                72.22875842450114,
                71.27409633794886,
                0.0
            ],
            "kodak_portra_160": [
                61.659279634896386,
                44.370084186057845,
                0.0
            ],
            "kodak_portra_400": [
                52.73584294653931,
                37.90158166694643,
                0.0
            ],
            "kodak_portra_800": [
                70.59056718048403,
                43.60821236625,
                0.0
            ],
            "kodak_portra_800_push1": [
                79.96288231852601,
                48.4139665955419,
                0.0
            ],
            "kodak_portra_800_push2": [
                80.53891777267314,
                43.78210850370767,
                0.0
            ],
            "kodak_gold_200": [
                53.41707517842615,
                35.636050146249616,
                0.0
            ],
            "kodak_ultramax_400": [
                55.166883632868,
                40.89380070482809,
                0.0
            ],
            "kodak_vision3_50d": [
                33.12682248722026,
                15.204508393222753,
                0.0
            ],
            "kodak_vision3_250d": [
                36.245498487361296,
                20.53247976621468,
                0.0
            ],
            "kodak_vision3_200t": [
                42.03327712036715,
                17.644560920797428,
                0.0
            ],
            "kodak_vision3_500t": [
                35.29987019648684,
                16.908151682491955,
                0.0
            ],
            "fujifilm_pro_400h": [
                37.77576142206783,
                26.690006696330727,
                0.0
            ],
            "fujifilm_c200": [
                64.78429767138434,
                43.86242996693822,
                0.0
            ],
            "fujifilm_xtra_400": [
                40.49513684050079,
                19.426199821500003,
                0.0
            ],
            "kodak_ektachrome_100": [
                119.24302517303884,
                77.44404321537164,
                0.0
            ],
            "kodak_kodachrome_64": [
                128.6482640982312,
                86.38161117553605,
                0.0
            ],
            "fujifilm_velvia_100": [
                113.02206993308873,
                62.71236384459258,
                0.0
            ],
            "fujifilm_provia_100f": [
                110.91406136072499,
                67.64294750916204,
                0.0
            ]
        }
    },
    "kodak_ektacolor_edge": {
        "TH-KG3-L": {
            "kodak_ektar_100": [
                103.39499759092936,
                92.31688858931278,
                0.0
            ],
            "kodak_portra_160": [
                94.02481661868123,
                65.94000179993188,
                0.0
            ],
            "kodak_portra_400": [
                84.26018202492666,
                58.67619232008601,
                0.0
            ],
            "kodak_portra_800": [
                103.06173943745232,
                65.66571014733509,
                0.0
            ],
            "kodak_portra_800_push1": [
                112.092792892041,
                70.09826175710492,
                0.0
            ],
            "kodak_portra_800_push2": [
                112.6684805742676,
                65.41835473213614,
                0.0
            ],
            "kodak_gold_200": [
                84.70410186384136,
                56.434070224345824,
                0.0
            ],
            "kodak_ultramax_400": [
                86.34182563138484,
                61.593936634864576,
                0.0
            ],
            "kodak_vision3_50d": [
                57.53059469504199,
                28.687877594029942,
                0.0
            ],
            "kodak_vision3_250d": [
                60.6736956946305,
                34.02467694204574,
                0.0
            ],
            "kodak_vision3_200t": [
                66.4946862222642,
                31.224101405556826,
                0.0
            ],
            "kodak_vision3_500t": [
                59.62664109360445,
                30.35089336865646,
                0.0
            ],
            "fujifilm_pro_400h": [
                64.70611094576566,
                42.79922648405617,
                0.0
            ],
            "fujifilm_c200": [
                91.34688130542904,
                60.29546923047757,
                0.0
            ],
            "fujifilm_xtra_400": [
                66.00686675477415,
                34.42182453284253,
                0.0
            ],
            "kodak_ektachrome_100": [
                151.92693552093672,
                99.82693307415258,
                0.0
            ],
            "kodak_kodachrome_64": [
                164.21475341339323,
                110.90664055932353,
                0.0
            ],
            "fujifilm_velvia_100": [
                141.37528419009556,
                81.24412739164099,
                0.0
            ],
            "fujifilm_provia_100f": [
                135.67448781632336,
                82.28688706672467,
                0.0
            ]
        }
    },
    "kodak_supra_endura": {
        "TH-KG3-L": {
            "kodak_ektar_100": [
                61.659770437448785,
                43.99746854213426,
                0.0
            ],
            "kodak_portra_160": [
                58.36194945450308,
                16.02516667749722,
                0.0
            ],
            "kodak_portra_400": [
                50.695119448829665,
                6.4192801855203045,
                0.0
            ],
            "kodak_portra_800": [
                55.28040554293527,
                23.735374378526437,
                0.0
            ],
            "kodak_portra_800_push1": [
                64.30389459705198,
                26.697932932401393,
                0.0
            ],
            "kodak_portra_800_push2": [
                64.86575869082742,
                22.25354952366447,
                0.0
            ],
            "kodak_gold_200": [
                46.83594477054882,
                20.76882088099133,
                0.0
            ],
            "kodak_ultramax_400": [
                44.613909853843715,
                25.594550741559004,
                0.0
            ],
            "kodak_vision3_50d": [
                32.1610756994965,
                5.773568497324496,
                0.0
            ],
            "kodak_vision3_250d": [
                34.03545177464476,
                7.270868591358105,
                0.0
            ],
            "kodak_vision3_200t": [
                69.27352139559933,
                26.985367502893222,
                0.0
            ],
            "kodak_vision3_500t": [
                34.29296049078011,
                1.394468485144384,
                0.0
            ],
            "fujifilm_pro_400h": [
                32.74717099618359,
                18.81582719446804,
                0.0
            ],
            "fujifilm_c200": [
                62.961734750309276,
                33.30103708203197,
                0.0
            ],
            "fujifilm_xtra_400": [
                37.751740101421625,
                21.579449667537315,
                0.0
            ],
            "kodak_ektachrome_100": [
                111.07196138415976,
                62.18354134678588,
                0.0
            ],
            "kodak_kodachrome_64": [
                97.08934486671916,
                71.85662926471014,
                0.0
            ],